story_line,asset_name,asset_type,story_role,experience_concept
Planetas como experiencias,Tatooine,planet,"aventura, origen, desierto y nostalgia",Pop-up retro o ruta de inicio
Planetas como experiencias,Hoth,planet,"batalla, supervivencia y accion",Experiencia inmersiva de mision
Planetas como experiencias,Dagobah,planet,"entrenamiento Jedi, misterio y sabiduria",Escape room o entrenamiento
Planetas como experiencias,Coruscant,planet,"ciudad futurista, tecnologia y escala",Instalacion tecnologica
Planetas como experiencias,Naboo,planet,"estetica visual, elegancia y lifestyle",Colaboracion lifestyle
Planetas como experiencias,Endor,planet,"naturaleza, comunidad y aventura familiar",Evento familiar y exterior
"Tecnologia, poder y velocidad",Millennium Falcon,starship,"aventura, libertad y silueta reconocible",Pieza central fotografiable
"Tecnologia, poder y velocidad",X-wing,starship,"Alianza Rebelde, velocidad y coleccionismo","Gaming, maquetas y accion"
"Tecnologia, poder y velocidad",Lightsaber,weapon,simbolo transversal de eleccion y poder,Activacion Choose Your Side
