id,name,species,gender,height,weight,hair_color,eye_color,skin_color,year_born,homeworld,year_died,description,character_key
1,Luke Skywalker,Human,Male,1.72,77.0,Blond,Blue,Light,19.0,Tatooine,34.0,The main protagonist of the original trilogy.,luke_skywalker
2,Leia Organa,Human,Female,1.5,49.0,Brown,Brown,Light,19.0,Alderaan,35.0,A leader in the Rebel Alliance and twin sister of Luke Skywalker.,leia_organa
3,Darth Vader,Human,Male,2.02,136.0,,Yellow,Pale,41.0,Tatooine,4.0,The Sith Lord formerly known as Anakin Skywalker.,darth_vader
4,Yoda,Yoda's species,Male,0.66,17.0,White,Brown,Green,896.0,,4.0,A wise and powerful Jedi Master.,yoda
5,Han Solo,Human,Male,1.8,80.0,Brown,Hazel,Light,29.0,Corellia,34.0,A smuggler turned hero in the Rebel Alliance.,han_solo
6,Chewbacca,Wookiee,Male,2.28,112.0,Brown,Blue,Brown,200.0,Kashyyyk,,A loyal Wookiee and co-pilot of the Millennium Falcon.,chewbacca
7,Obi-Wan Kenobi,Human,Male,1.82,81.0,White,Blue-gray,Light,57.0,Stewjon,0.0,A Jedi Master who mentored Anakin and Luke Skywalker.,obi_wan_kenobi
8,Emperor Palpatine,Human,Male,1.73,75.0,,Yellow,Pale,82.0,Naboo,35.0,The Sith Lord who became Emperor of the galaxy.,emperor_palpatine
9,Anakin Skywalker,Human,Male,1.88,84.0,Blond,Blue,Light,41.0,Tatooine,4.0,A Jedi Knight who fell to the dark side and became Darth Vader.,anakin_skywalker
10,Padme Amidala,Human,Female,1.65,45.0,Brown,Brown,Light,46.0,Naboo,19.0,The queen-turned-senator of Naboo and wife of Anakin Skywalker.,padme_amidala
11,Qui-Gon Jinn,Human,Male,1.93,89.0,Brown,Blue,Light,92.0,Coruscant,32.0,A Jedi Master who discovered Anakin Skywalker.,qui_gon_jinn
12,Mace Windu,Human,Male,1.88,84.0,,Brown,Dark,72.0,Haruun Kal,19.0,A Jedi Master and member of the Jedi High Council.,mace_windu
13,Jar Jar Binks,Gungan,Male,1.96,66.0,,Orange,Orange,52.0,Naboo,,A clumsy Gungan who became a representative in the Galactic Senate.,jar_jar_binks
14,Count Dooku,Human,Male,1.93,80.0,White,Brown,Light,102.0,Serenno,19.0,"A former Jedi who became Darth Tyranus, a Sith Lord.",count_dooku
15,Rey,Human,Female,1.7,54.0,Brown,Hazel,Light,15.0,Jakku,,The main protagonist of the sequel trilogy.,rey
16,Finn,Human,Male,1.78,73.0,Black,Brown,Dark,11.0,,,A former stormtrooper who joins the Resistance.,finn
17,Poe Dameron,Human,Male,1.76,79.0,Brown,Brown,Light,2.0,Yavin 4,,A skilled pilot and commander in the Resistance.,poe_dameron
18,Kylo Ren,Human,Male,1.89,89.0,Black,Brown,Light,5.0,Chandrila,35.0,A dark side user formerly known as Ben Solo.,kylo_ren
19,BB-8,Droid,,,,,,White,,,,A spherical astromech droid.,bb_8
20,C-3PO,Droid,,1.71,,,,Gold,112.0,Tatooine,,A protocol droid fluent in over six million forms of communication.,c_3po
21,R2-D2,Droid,,0.96,,,,White/Blue,33.0,Naboo,,An astromech droid known for his bravery and resourcefulness.,r2_d2
22,Lando Calrissian,Human,Male,1.77,79.0,Black,Brown,Dark,31.0,Socorro,,A charming gambler and ally of the Rebel Alliance.,lando_calrissian
23,Boba Fett,Human,Male,1.83,78.0,Black,Brown,Light,32.0,Kamino,,A notorious bounty hunter and clone of Jango Fett.,boba_fett
24,Jango Fett,Human,Male,1.83,79.0,Black,Brown,Light,66.0,Concord Dawn,22.0,A skilled bounty hunter and template for the clone army.,jango_fett
25,General Hux,Human,Male,1.85,75.0,Red,Blue,Light,0.0,Arkanis,35.0,A general in the First Order.,general_hux
26,Rose Tico,Human,Female,1.68,57.0,Black,Brown,Light,11.0,Hays Minor,,A mechanic in the Resistance.,rose_tico
27,Supreme Leader Snoke,,Male,2.18,100.0,,Blue,Pale,50.0,,34.0,The Supreme Leader of the First Order.,supreme_leader_snoke
28,Maz Kanata,,Female,1.24,31.0,,Brown,Orange,973.0,Takodana,,A wise and ancient being who runs a tavern on Takodana.,maz_kanata
29,Aayla Secura,Twi'lek,Female,1.78,55.0,Blue,Hazel,Blue,48.0,Ryloth,19.0,A Jedi Knight during the Clone Wars.,aayla_secura
30,Admiral Ackbar,Mon Calamari,Male,1.8,72.0,,Orange,Red,52.0,Mon Cala,35.0,A respected admiral in the Rebel Alliance.,admiral_ackbar
31,Admiral Piett,Human,Male,1.8,75.0,Brown,Blue,Light,59.0,Axxila,4.0,An Imperial officer serving under Darth Vader.,admiral_piett
32,Bail Organa,Human,Male,1.91,86.0,Black,Brown,Light,67.0,Alderaan,0.0,A senator and adoptive father of Leia Organa.,bail_organa
33,Barriss Offee,Mirialan,Female,1.66,50.0,Black,Blue,Green,40.0,Mirial,19.0,A Jedi Padawan during the Clone Wars.,barriss_offee
34,Biggs Darklighter,Human,Male,1.79,79.0,Black,Brown,Light,24.0,Tatooine,0.0,A Rebel pilot and friend of Luke Skywalker.,biggs_darklighter
35,Bib Fortuna,Twi'lek,Male,1.93,65.0,,Red,Pale,60.0,Ryloth,35.0,A majordomo for Jabba the Hutt.,bib_fortuna
36,Bossk,Trandoshan,Male,1.9,113.0,,Red,Green,53.0,Trandosha,,A feared bounty hunter.,bossk
37,Captain Phasma,Human,Female,2.0,75.0,Blonde,Blue,Light,15.0,Parnassos,35.0,A high-ranking officer in the First Order.,captain_phasma
38,Chirrut Îmwe,Human,Male,1.75,70.0,Black,Brown,Light,52.0,Jedha,0.0,A blind warrior monk and follower of the Force.,chirrut_imwe
39,Dengar,Human,Male,1.83,80.0,Brown,Brown,Light,32.0,Corellia,,A bounty hunter with a grudge against Han Solo.,dengar
40,Greedo,Rodian,Male,1.73,70.0,,Black,Green,44.0,Rodia,0.0,A bounty hunter killed by Han Solo.,greedo
41,Hera Syndulla,Twi'lek,Female,1.78,55.0,Green,Blue,Green,29.0,Ryloth,,A skilled pilot and leader of the Ghost crew.,hera_syndulla
42,Jabba the Hutt,Hutt,Male,3.9,1358.0,,Orange,Green,600.0,Nal Hutta,4.0,A notorious crime lord.,jabba_the_hutt
43,Kanan Jarrus,Human,Male,1.91,86.0,Brown,Blue,Light,32.0,Coruscant,2.0,A Jedi Knight and member of the Ghost crew.,kanan_jarrus
44,Kit Fisto,Nautolan,Male,1.96,87.0,,Black,Green,48.0,Glee Anselm,19.0,A Jedi Master known for his underwater combat skills.,kit_fisto
45,Lobot,Human,Male,1.75,75.0,,Blue,Light,47.0,Bespin,,A cyborg aide to Lando Calrissian.,lobot
46,Mon Mothma,Human,Female,1.7,55.0,Red,Blue,Light,48.0,Chandrila,,A leader in the Rebel Alliance.,mon_mothma
47,Nien Nunb,Sullustan,Male,1.6,70.0,,Black,Light,43.0,Sullust,,A pilot who co-piloted the Millennium Falcon during the Battle of Endor.,nien_nunb
48,Plo Koon,Kel Dor,Male,1.88,80.0,,Black,Orange,44.0,Dorin,19.0,A Jedi Master known for his unique mask.,plo_koon
49,Saw Gerrera,Human,Male,1.78,75.0,Black,Brown,Dark,48.0,Onderon,0.0,A militant leader in the Rebel Alliance.,saw_gerrera
50,Sebulba,Dug,Male,1.12,40.0,,Red,Brown,32.0,Malastare,,A pod racer with a fierce reputation.,sebulba
51,Shaak Ti,Togruta,Female,1.87,68.0,,Black,Red,43.0,Shili,,A Jedi Master and member of the Jedi High Council.,shaak_ti
52,Shmi Skywalker,Human,Female,1.65,55.0,Brown,Brown,Light,72.0,Tatooine,22.0,The mother of Anakin Skywalker.,shmi_skywalker
53,Wedge Antilles,Human,Male,1.79,80.0,Brown,Brown,Light,21.0,Corellia,,A skilled Rebel pilot.,wedge_antilles
54,Wicket W. Warrick,Ewok,Male,1.0,20.0,Brown,Brown,Brown,23.0,Endor,,An Ewok who helped the Rebel Alliance on Endor.,wicket_w_warrick
55,Zam Wesell,Clawdite,Female,1.78,60.0,Brown,Yellow,Green,32.0,Zolan,22.0,A shape-shifting bounty hunter.,zam_wesell
56,Ahsoka Tano,Togruta,Female,1.88,55.0,,Blue,Orange,36.0,Shili,,A former Jedi Padawan of Anakin Skywalker.,ahsoka_tano
57,Asajj Ventress,Dathomirian,Female,1.7,55.0,,Blue,Pale,57.0,Dathomir,19.0,A former Sith apprentice turned bounty hunter.,asajj_ventress
58,Cad Bane,Duros,Male,1.85,75.0,,Red,Blue,62.0,Duro,,A feared bounty hunter.,cad_bane
59,Captain Rex,Human,Male,1.83,80.0,Blond,Blue,Light,32.0,Kamino,,A clone trooper captain who served under Anakin Skywalker.,captain_rex
60,Savage Opress,Dathomirian,Male,2.18,100.0,,Yellow,Pale,49.0,Dathomir,19.0,The brother of Darth Maul and a powerful Sith apprentice.,savage_opress
61,Hondo Ohnaka,Weequay,Male,1.75,70.0,Black,Brown,Brown,45.0,Sriluur,,A pirate and smuggler.,hondo_ohnaka
62,Pong Krell,Besalisk,Male,2.5,300.0,,Yellow,Green,52.0,Ojom,19.0,A Jedi Master who fell to the dark side.,pong_krell
63,Mother Talzin,Dathomirian,Female,1.7,55.0,Black,Green,Pale,100.0,Dathomir,19.0,A powerful witch and leader of the Nightsisters.,mother_talzin
64,Ezra Bridger,Human,Male,1.75,70.0,Blue,Black,Light,18.0,Lothal,,A Jedi Padawan and member of the Ghost crew.,ezra_bridger
65,Sabine Wren,Human,Female,1.65,50.0,Varied,Brown,Light,21.0,Mandalore,,A Mandalorian artist and warrior.,sabine_wren
66,Kallus,Human,Male,1.88,85.0,Blond,Blue,Light,40.0,Coruscant,,An Imperial agent who defected to the Rebel Alliance.,kallus
67,Grand Admiral Thrawn,Chiss,Male,1.95,85.0,Blue-Black,Red,Blue,50.0,Csilla,,A brilliant tactician and leader in the Imperial Navy.,grand_admiral_thrawn
68,Jyn Erso,Human,Female,1.7,60.0,Brown,Green,Light,22.0,Vallt,0.0,The protagonist of Rogue One and a member of the Rebel Alliance.,jyn_erso
69,Cassian Andor,Human,Male,1.84,75.0,Brown,Brown,Light,26.0,Fest,0.0,A Rebel intelligence officer.,cassian_andor
70,Orson Krennic,Human,Male,1.85,80.0,White,Blue,Light,51.0,Lexrul,0.0,The director of the Empire's Advanced Weapons Research division.,orson_krennic
71,Bodhi Rook,Human,Male,1.8,75.0,Black,Brown,Dark,25.0,Jedha,0.0,A former Imperial pilot who defected to the Rebel Alliance.,bodhi_rook
72,Baze Malbus,Human,Male,1.85,95.0,Black,Brown,Light,52.0,Jedha,0.0,A former Guardian of the Whills and companion to Chirrut Îmwe.,baze_malbus
73,Galen Erso,Human,Male,1.83,75.0,Brown,Brown,Light,54.0,Grange,0.0,A scientist and father of Jyn Erso.,galen_erso
74,Admiral Raddus,Mon Calamari,Male,1.8,72.0,,Orange,Blue,50.0,Mon Cala,0.0,A respected admiral in the Rebel Alliance.,admiral_raddus
75,Dryden Vos,Human,Male,1.85,80.0,Blond,Blue,Light,35.0,Corellia,10.0,A crime lord in the Crimson Dawn syndicate.,dryden_vos
76,Qi'ra,Human,Female,1.7,50.0,Brown,Brown,Light,21.0,Corellia,,A member of the Crimson Dawn syndicate.,qi_ra
77,Enfys Nest,Human,Female,1.68,55.0,Red,Brown,Light,19.0,,,A rebel and leader of the Cloud-Riders.,enfys_nest
78,L3-37,Droid,,1.8,,,Green,Gray,,,10.0,A self-built piloting droid.,l3_37
79,Beckett,Human,Male,1.85,80.0,Brown,Blue,Light,50.0,Glee Anselm,10.0,A criminal and mentor to Han Solo.,beckett
80,Val,Human,Female,1.75,55.0,Black,Brown,Dark,30.0,,10.0,A member of Beckett's crew.,val
81,Rio Durant,Ardennian,Male,1.4,40.0,,Black,Blue,40.0,Ardennia,10.0,A four-armed pilot in Beckett's crew.,rio_durant
82,Din Djarin,Human,Male,1.8,,Brown,Brown,Light,,Aq Vetina,,Mandalorian bounty hunter and foundling guardian of Grogu.,din_djarin
83,Grogu,,Male,0.34,,,Black,Green,41.0,Coruscant,,Force-sensitive foundling protected by Din Djarin.,grogu
84,Bo-Katan Kryze,Human,Female,1.8,,Red-Gold,Green,Light,,Mandalore,,Mandalorian warrior and leader connected to Clan Kryze and the Darksaber.,bo_katan_kryze
85,Moff Gideon,Human,Male,,,,Brown,Dark,,Mandalore,,Imperial remnant leader who pursued Grogu and wielded the Darksaber.,moff_gideon
86,Greef Karga,Human,Male,,,,Brown,Dark,,Nevarro,,Former bounty guild magistrate who became High Magistrate of Nevarro.,greef_karga
87,The Armorer,Human,Female,,,,,Light,,Mandalore,,Leader and keeper of tradition for a Mandalorian covert.,the_armorer
88,Paz Vizsla,Human,Male,,,,,Light,,Mandalore,,Heavy infantry Mandalorian and member of Clan Vizsla.,paz_vizsla
89,Kuiil,Ugnaught,Male,,,,,Brown,,Arvala-7,,Ugnaught moisture farmer and ally of Din Djarin.,kuiil
90,Peli Motto,Human,Female,,,Brown,Brown,Light,,Tatooine,,Tatooine mechanic and ally of Din Djarin.,peli_motto
91,Dr. Pershing,Human,Male,,,Black,Brown,Light,,,,Scientist connected to Imperial remnant cloning research.,dr_pershing
92,Fennec Shand,Human,Female,,,Black,Brown,Light,,,,Elite assassin and later ally of Boba Fett.,fennec_shand
93,Cobb Vanth,Human,Male,,,Brown,Brown,Light,,Tatooine,,Marshal of Mos Pelgo/Freetown who wore recovered Mandalorian armor.,cobb_vanth
94,Luthen Rael,Human,Male,,,Gray,Blue,Light,,Coruscant,,Antiquities dealer and secret architect of early Rebel activity.,luthen_rael
95,Bix Caleen,Human,Female,,,Brown,Brown,Light,,Ferrix,,Ferrix mechanic and friend of Cassian Andor.,bix_caleen
96,Dedra Meero,Human,Female,,,Blonde,Blue,Light,,Coruscant,,Ambitious Imperial Security Bureau supervisor.,dedra_meero
97,Syril Karn,Human,Male,,,Brown,Blue,Light,,,,Former Pre-Mor security inspector obsessed with Cassian Andor.,syril_karn
98,Maarva Andor,Human,Female,,,Gray,Blue,Light,,Ferrix,,Cassian Andor's adoptive mother and Ferrix community figure.,maarva_andor
99,Vel Sartha,Human,Female,,,Brown,Brown,Light,,,,Rebel operative who led the Aldhani heist team.,vel_sartha
100,Cinta Kaz,Human,Female,,,Black,Brown,Light,,,,Committed rebel operative and member of the Aldhani team.,cinta_kaz
101,Kleya Marki,Human,Female,,,Brown,Brown,Light,,Coruscant,,Luthen Rael's trusted assistant and rebel network operative.,kleya_marki
102,Kino Loy,Human,Male,,,Gray,Blue,Light,,Narkina 5,,Prison floor manager who helped spark an escape from Narkina 5.,kino_loy
103,Brasso,Human,Male,,,Brown,Brown,Light,,Ferrix,,Cassian Andor's loyal friend on Ferrix.,brasso
104,Reva,Human,Female,,,Black,Brown,Dark,,,,"The Third Sister, an Inquisitor hunting Obi-Wan Kenobi.",reva
105,The Grand Inquisitor,Pau'an,Male,,,Black,Yellow,Pale,,,,Leader of the Inquisitorius during the Imperial era.,the_grand_inquisitor
106,Fifth Brother Inquisitor,,Male,,,Black,Yellow,Gray,,,,Inquisitor active in the hunt for surviving Jedi.,fifth_brother_inquisitor
107,Owen Lars,Human,Male,,,Brown,Blue,Light,,Tatooine,0.0,Moisture farmer and uncle of Luke Skywalker.,owen_lars
108,Baylan Skoll,Human,Male,,,Gray,Blue,Light,,,,Former Jedi turned mercenary who sought power beyond the known galaxy.,baylan_skoll
109,Shin Hati,Human,Female,,,Blonde,Blue,Light,,,,Baylan Skoll's apprentice and a dark-side Force user.,shin_hati
110,Morgan Elsbeth,Dathomirian,Female,,,Black,Brown,Light,,Corvus,,Magistrate and ally of Grand Admiral Thrawn.,morgan_elsbeth
111,Captain Enoch,Human,Male,,,,,,,,,Captain of Thrawn's guard aboard the Chimaera.,captain_enoch
112,Marrok,Human,Male,,,,,,,,,Inquisitor and mercenary serving Morgan Elsbeth.,marrok
